category_id,category_name
0,công_nghệ_thông_tin_kỹ_thuật_số
1,du_lịch_nhà_hàng_khách_sạn_dịch_vụ
2,giáo_dục_đào_tạo_nghiên_cứu
3,kinh_doanh_bán_hàng_chăm_sóc_khách_hàng
4,kỹ_thuật_điện_điện_tử_viễn_thông
5,logistics_vận_tải_chuỗi_cung_ứng
6,marketing_truyền_thông_quảng_cáo_nội_dung
7,ngôn_ngữ_dịch_thuật
8,nhân_sự_hành_chính_pháp_chế_tư_vấn
9,nhóm_nghề_khác
10,nông_nghiệp_năng_lượng_môi_trường
11,sản_xuất_lao_động_phổ_thông_cơ_khí
12,thiết_kế_nghệ_thuật_giải_trí_truyền_hình_báo_chí
13,tài_chính_kế_toán_ngân_hàng_bảo_hiểm
14,xây_dựng_kiến_trúc_bất_động_sản
15,y_tế_dược_chăm_sóc_sức_khỏe_công_nghệ_sinh_học
