location_id,location_name
0,'hồ chí minh'
1,'đồng nai']
2,['hà nội'
3,ba đình - hà nội
4,biên hoà
5,biên hòa
6,bá thước
7,bình thạnh
8,bắc ninh
9,bắc từ liêm
10,cần thơ
11,cầu giấy
12,gia lâm
13,hoàng mai
14,hà nội
15,hà tĩnh
16,hà đông
17,hưng yên
18,hải châu - đà nẵng
19,hải phòng
20,hồ chí minh
21,hồ chí minh: 17 công lý
22,hồ chí minh: tân cảng
23,long biên
24,lạc thị
25,nam từ liêm
26,nghĩa trụ
27,nghệ an
28,ngọc hồi
29,nha trang
30,ninh bình
31,nước ngoài
32,phú nhuận
33,phú thọ
34,phường 25
35,phường bình thọ
36,quảng ninh
37,quận 1
38,quận 1 - tp hcm
39,quận 10
40,quận 11
41,quận 12
42,quận 2
43,quận 3
44,quận 7
45,quận 8
46,quận 9
47,thanh hoá
48,thanh trì
49,thanh xuân
50,thành phố thủ đức
51,thái nguyên
52,thủ đức
53,thừa thiên huế
54,toàn quốc
55,tp buôn ma thuột
56,tp cam ranh
57,tp hạ long
58,tp phủ lý
59,tp tam kỳ
60,tp vinh
61,tp đà lạt
62,tân phú
63,tây ninh
64,vinhomes ocean park
65,văn giang
66,vạn ninh
67,{{ featurejob.short_cities }}
68,đà nẵng
69,đại kim
70,đắk lắk
71,đống đa
72,đồng nai
73,đội 3
