province,n_jobs,n_student_friendly,salary_min_median,salary_max_median
Hà Nội,725.0,622.0,2.0,3.0
Huế,3.0,2.0,0.0,0.0
Lai Châu,0.0,0.0,,
Điện Biên,0.0,0.0,,
Sơn La,0.0,0.0,,
Lạng Sơn,0.0,0.0,,
Quảng Ninh,6.0,3.0,7.5,8.5
Thanh Hóa,3.0,1.0,0.0,0.0
Nghệ An,2.0,0.0,9.5,15.0
Hà Tĩnh,3.0,2.0,3.0,3.0
Cao Bằng,0.0,0.0,,
Tuyên Quang,0.0,0.0,,
Lào Cai,0.0,0.0,,
Thái Nguyên,2.0,1.0,7.5,15.0
Phú Thọ,1.0,0.0,4.0,4.0
Bắc Ninh,8.0,3.0,8.5,14.0
Hưng Yên,7.0,5.0,1.0,3.0
Hải Phòng,17.0,15.0,2.0,2.0
Ninh Bình,6.0,3.0,6.0,6.0
Quảng Trị,0.0,0.0,,
Đà Nẵng,47.0,45.0,0.0,2.0
Quảng Ngãi,0.0,0.0,,
Gia Lai,0.0,0.0,,
Khánh Hòa,0.0,0.0,,
Lâm Đồng,0.0,0.0,,
Đắk Lắk,1.0,1.0,0.0,0.0
Hồ Chí Minh,653.0,548.0,0.0,0.0
Đồng Nai,6.0,3.0,1.5,2.5
Tây Ninh,4.0,3.0,0.0,0.0
Cần Thơ,7.0,7.0,0.0,1.0
Vĩnh Long,0.0,0.0,,
Đồng Tháp,0.0,0.0,,
Cà Mau,0.0,0.0,,
An Giang,0.0,0.0,,
