province_id,province_name,merged_from_old_names
1,Hà Nội,hà đông; cầu giấy; nam từ liêm; bắc từ liêm; đống đa; thanh xuân; hoàng mai; đại kim; ba đình; hoàn kiếm; hai bà trưng; tây hồ; long biên
2,Huế,thừa thiên huế
3,Lai Châu,
4,Điện Biên,
5,Sơn La,
6,Lạng Sơn,
7,Quảng Ninh,
8,Thanh Hóa,
9,Nghệ An,
10,Hà Tĩnh,
11,Cao Bằng,
12,Tuyên Quang,hà giang
13,Lào Cai,yên bái
14,Thái Nguyên,bắc kạn
15,Phú Thọ,vĩnh phúc; hòa bình
16,Bắc Ninh,bắc giang
17,Hưng Yên,thái bình
18,Hải Phòng,hải dương
19,Ninh Bình,hà nam; nam định; phủ lý; tp phủ lý
20,Quảng Trị,quảng bình
21,Đà Nẵng,quảng nam
22,Quảng Ngãi,kon tum
23,Gia Lai,bình định
24,Khánh Hòa,ninh thuận
25,Lâm Đồng,đắk nông; bình thuận
26,Đắk Lắk,phú yên
27,Hồ Chí Minh,bình dương; bà rịa vũng tàu; bà rịa - vũng tàu; vũng tàu; sài gòn; hcm; tphcm; tp hcm; quận 1; quận 2; quận 3; quận 4; quận 5; quận 6; quận 7; quận 8; quận 9; quận 10; quận 11; quận 12; bình thạnh; thủ đức; tân phú; phú nhuận; gò vấp; tân bình; bình tân; hóc môn; củ chi; nhà bè
28,Đồng Nai,bình phước; biên hoà; biên hòa
29,Tây Ninh,long an
30,Cần Thơ,sóc trăng; hậu giang
31,Vĩnh Long,bến tre; trà vinh
32,Đồng Tháp,tiền giang
33,Cà Mau,bạc liêu
34,An Giang,kiên giang
